,Search,Tweet,Entered on
0,Trump -filter:retweets,real republicans admit two things 1 lost 2 bad country anyone else nati ,2020-11-11
1,Trump -filter:retweets,hand recount trump wins without computer intervening correct ,2020-11-11
2,Trump -filter:retweets,well thought trump would difficult certainly thought senate republicans would ,2020-11-11
3,Trump -filter:retweets,michael cohen knows trump probably better anyone michael cohen went jail trump michael coh ,2020-11-11
4,Trump -filter:retweets,send hotline sure someone go ,2020-11-11
5,Trump -filter:retweets,someone commented sum trump supporting shit mackenzies tiktok amp took ig bio amp changed tik ,2020-11-11
6,Trump -filter:retweets,trump really worried elections integrity hed put golf club get work ,2020-11-11
7,Trump -filter:retweets,great idea president trump approve bill nation wide executive order finally end antifa viol ,2020-11-11
8,Trump -filter:retweets,worked hard people affected pandemic slurping trumps aaho ,2020-11-11
9,Trump -filter:retweets,every time see trump see red orange face think subconsciously ,2020-11-11
10,Trump -filter:retweets,dont want hear single republican claim pro democracy ever theyve let wannabe dict ,2020-11-11
11,Trump -filter:retweets,hatred racist remarks death threats r pure evil promoted trump fox2news republicans ,2020-11-11
12,Trump -filter:retweets,weve got show donald trump youve gotta make count play straight dont look back ,2020-11-11
13,Trump -filter:retweets,got message says president requesting every registered vote ,2020-11-11
14,Trump -filter:retweets,like way trump super confident ,2020-11-11
15,Trump -filter:retweets,kinda looks like trump potatoheadofpalencia ,2020-11-11
16,Trump -filter:retweets,go trump ,2020-11-11
17,Trump -filter:retweets,talk biden following example ford pardoning predecessor difference nixon ,2020-11-11
18,Trump -filter:retweets,got right alleged fraud fact little none baghdad barbie cam ,2020-11-11
19,Trump -filter:retweets,civil war trump caused stealing election electoral college ,2020-11-11
20,Trump -filter:retweets,well kansashe return home run governorshipjust smirking way ole yell ,2020-11-11
21,Trump -filter:retweets,goes whatever moral superiority usa ever tried claim democracy ,2020-11-11
22,Trump -filter:retweets,like rump promoting people page republ ,2020-11-11
23,Trump -filter:retweets,showing trump presidency ,2020-11-11
24,Trump -filter:retweets,nobodys listening trump ,2020-11-11
25,Trump -filter:retweets,says fool following trump beck shapiro ,2020-11-11
26,Trump -filter:retweets,thats shocking thing race think always thought trump could win ones ,2020-11-11
27,Trump -filter:retweets,trying think trump built 4 years nothing came mind president obama left trump diamon ,2020-11-11
28,Trump -filter:retweets,stand trump ,2020-11-11
29,Trump -filter:retweets,want report donald trump discrediting vote mail wonder supporters didnt vote mail ,2020-11-11
30,Trump -filter:retweets,please add bernie elizabeth warren cabinet democrats united overcome trump speeches ,2020-11-11
31,Trump -filter:retweets,umm trump university trump bankruptcies trump deutch bank loans trump ,2020-11-11
32,Trump -filter:retweets,ive heard whistle blowers paid trump family co ,2020-11-11
33,Trump -filter:retweets,sound exactly like trump longer tell tweets apart truly unfortunate f ,2020-11-11
34,Trump -filter:retweets,trump 0 13 legal actions far ,2020-11-11
35,Trump -filter:retweets,mask shit around keep virus ever getting control md ,2020-11-11
36,Trump -filter:retweets,manipulation everyone ignore trump tweets tryi ,2020-11-11
37,Trump -filter:retweets,put 3rd trump flag truck hope one brings votes penn ,2020-11-11
38,Trump -filter:retweets,trump whole government ,2020-11-11
39,Trump -filter:retweets,whelming evidence biden trump fart face loser ,2020-11-11
40,Trump -filter:retweets,bet trump took ramp ,2020-11-11
41,Trump -filter:retweets,scheme trump could foiled aggressive national plan reduce infection rates ,2020-11-11
42,Trump -filter:retweets,arizona call terrible set chain events got us week later ar ,2020-11-11
43,Trump -filter:retweets,trum ,2020-11-11
44,Trump -filter:retweets,hope dems georgia learn something messaging policy chara ,2020-11-11
45,Trump -filter:retweets,everything trump touches even 2nd hand dies ,2020-11-11
46,Trump -filter:retweets,trump may accept results never concede aides say via im sure told fem ,2020-11-11
47,Trump -filter:retweets,trump klan bunch fricking wackos ivanka tweeting today great job alaska di ,2020-11-11
48,Trump -filter:retweets,pence could file 25 kick trump ,2020-11-11
49,Trump -filter:retweets,neither dump mean trump ,2020-11-11
50,Trump -filter:retweets,electorates likely ,2020-11-11
51,Trump -filter:retweets,worry fraudulent results overturned trump rightfully reelected ,2020-11-11
52,Trump -filter:retweets,smooth transition power necessary part democracythis proof trump doe ,2020-11-11
53,Trump -filter:retweets,case gop lots legislators battleground states mipaazwi legislators votes counte ,2020-11-11
54,Trump -filter:retweets,trump lost ability surprise us expect worst never disappointed ,2020-11-11
55,Trump -filter:retweets,tiffany trump puts red dress says shell thing like vote daddy ,2020-11-11
56,Trump -filter:retweets,republicans responsible trump could held accountable years ago ,2020-11-11
57,Trump -filter:retweets,trump michigan election lawsuit surfaces petty racist complaints ,2020-11-11
58,Trump -filter:retweets,michael cohen believe trump go jail ,2020-11-11
59,Trump -filter:retweets,dont understand people talking coup right okay thats sucks ,2020-11-11
60,Trump -filter:retweets,never happened wanted room full republi ,2020-11-11
61,Trump -filter:retweets,scoop divisive pentagon hire may rush troop withdrawals trump exit ,2020-11-11
62,Trump -filter:retweets,way trump got 70 votes way ,2020-11-11
63,Trump -filter:retweets,translationthe rnc agreed payoff trump somehow ,2020-11-11
64,Trump -filter:retweets,wa po article opinion piece actual reporting trumps court cases ,2020-11-11
65,Trump -filter:retweets,hilarious depressed teenager ,2020-11-11
66,Trump -filter:retweets,quick send trump money knows coun ,2020-11-11
67,Trump -filter:retweets,war crimes yemen rewarded fighter jets bombs help add name ,2020-11-11
68,Trump -filter:retweets,texas listen trump time soul searching texans knew sou ,2020-11-11
69,Trump -filter:retweets,patient 1 fcking hate trump wondering ,2020-11-11
70,Trump -filter:retweets,trump deserve respect ,2020-11-11
71,Trump -filter:retweets,run ins punchline politics slogan shouters tub ,2020-11-11
72,Trump -filter:retweets,trump paid recount ga biden still ,2020-11-11
73,Trump -filter:retweets,courts dont agree theyve thrown almost every single bullshi ,2020-11-11
74,Trump -filter:retweets,another thing ask pulling dangerous move impli ,2020-11-11
75,Trump -filter:retweets,read 12 legal complaints lawsuits ,2020-11-11
76,Trump -filter:retweets,trump winning 3 electoral votes ,2020-11-11
77,Trump -filter:retweets,dont afraid wont get passed supreme court justices uphol ,2020-11-11
78,Trump -filter:retweets,taxes helped rich nobel nominations mean fuck us law order trump phra ,2020-11-11
79,Trump -filter:retweets,know president trump win election president trump 4 years ,2020-11-11
80,Trump -filter:retweets,doin military parade let drum bang way democrats alarm ,2020-11-11
81,Trump -filter:retweets,odds trump legal cases changing 2020 us election outcome via sputnik int ,2020-11-11
82,Trump -filter:retweets,trump wouldnt path victory white house burning bet hell commit suicide ov ,2020-11-11
83,Trump -filter:retweets,obama pays men trump fucks porn stars ,2020-11-11
84,Trump -filter:retweets,trump making america great casting aspersions respected traditions amp ,2020-11-11
85,Trump -filter:retweets,trump needs develop maturity sense needs know one wins every time ,2020-11-11
86,Trump -filter:retweets,remember afraid give nuclear codes trump going blow wo ,2020-11-11
87,Trump -filter:retweets,crooks youve attempted steel election massive complex voter fraud campaign ,2020-11-11
88,Trump -filter:retweets,brilliant idea tell everyonetweetfbwhatever write letter trump te ,2020-11-11
89,Trump -filter:retweets,dont think trump would care ,2020-11-11
90,Trump -filter:retweets,right mickey maybe downed wouldeep state fictional organization us perh ,2020-11-11
91,Trump -filter:retweets,never give anointed god beloved president trump ,2020-11-11
92,Trump -filter:retweets,keep snowflake tears coming yall ,2020-11-11
93,Trump -filter:retweets,keep lying losers fact check president trump uses context video spread f ,2020-11-11
94,Trump -filter:retweets,trump spawn look weird ,2020-11-11
95,Trump -filter:retweets,women voted trump ,2020-11-11
96,Trump -filter:retweets,would real christians name ,2020-11-11
97,Trump -filter:retweets,trump cant fire quit narrator fired ,2020-11-11
98,Trump -filter:retweets,donald trump purging defense department elevate fervent supporters mother jones ,2020-11-11
99,Trump -filter:retweets,yes check fine print recount fund page f ,2020-11-11
100,Biden -filter:retweets,even biden still popular vote move go back hiding ,2020-11-11
101,Biden -filter:retweets,joe biden chosen white house chief staff ,2020-11-11
102,Biden -filter:retweets,new york post republican senator says step biden doesnt get intel briefings friday ,2020-11-11
103,Biden -filter:retweets,vast majority americans unlikely see taxes go president elect joe biden despite false ,2020-11-11
104,Biden -filter:retweets,biden moves forward names chief staff virus fighting expertise ,2020-11-11
105,Biden -filter:retweets,refuse deliver messages foreign leaders president elect joe biden profoundly clear conf ,2020-11-11
106,Biden -filter:retweets,president elect biden called leaders reassurance indo pacific wou ,2020-11-11
107,Biden -filter:retweets,opposed properly filled biden harris van ,2020-11-11
108,Biden -filter:retweets,biden covid 19 advisor urges 4 6 week nationwide lockdown pajamas media ,2020-11-11
109,Biden -filter:retweets,transition biden administration underway trump cant stop impede either ,2020-11-11
110,Biden -filter:retweets,biden coronavirus advisor says lockdown 4 6 weeks could control pandemic vaccines arrive would p ,2020-11-11
111,Biden -filter:retweets,gop senator says hell step biden doesnt receive intel briefings friday ,2020-11-11
112,Biden -filter:retweets,live updates biden lead grows pennsylvania politics political ,2020-11-11
113,Biden -filter:retweets,start ceremony place obamas presidential picture rightly earned spot al ,2020-11-11
114,Biden -filter:retweets,everything ties back un globalists china thi ,2020-11-11
115,Biden -filter:retweets,biden adds transgender veteran presidential transition team department defense lgbtq nation ,2020-11-11
116,Biden -filter:retweets,biden wins ccp wins democrats republicans ,2020-11-11
117,Biden -filter:retweets,work biden buy ,2020-11-11
118,Biden -filter:retweets,77 year old biden appoints ageist amp pro eugenicist covid 19 advisory board naming zeke emanuel opposes elde ,2020-11-11
119,Biden -filter:retweets,meaning even though may restrained us admiration like bidens restraining ,2020-11-11
120,Biden -filter:retweets,get yet new sheriff town new deputy along president elec ,2020-11-11
121,Biden -filter:retweets,joe biden pretending president covid already ramped imagine recalls vaccine ,2020-11-11
122,Biden -filter:retweets,stop sexualizing joe biden kamala harris ,2020-11-11
123,Biden -filter:retweets,right oh ok biden trump like everything total hypocrisy ,2020-11-11
124,Biden -filter:retweets,dont support biden cos theres lot havent unravelled yet ,2020-11-11
125,Biden -filter:retweets,shocking non political reason donald trump refused concede defeat president elect joe biden ,2020-11-11
126,Biden -filter:retweets,saw joe bidens nudes tl ,2020-11-11
127,Biden -filter:retweets,biden better ,2020-11-11
128,Biden -filter:retweets,wtf someone contact gov inslee biden ,2020-11-11
129,Biden -filter:retweets,biden stay fray fake news media fighting ,2020-11-11
130,Biden -filter:retweets,experts say nurses need included biden harris covid 19 task force via ,2020-11-11
131,Biden -filter:retweets,trump proven one case election fr ,2020-11-11
132,Biden -filter:retweets,sorry joe anything yet joe biden president ,2020-11-11
133,Biden -filter:retweets,reported three instances 2020 election votes removed republica ,2020-11-11
134,Biden -filter:retweets,case forgot ronald klain biden chief staff h1n1 pandemic biden ,2020-11-11
135,Biden -filter:retweets,chance give president biden mandate defeat corrupt senator david perdue ,2020-11-11
136,Biden -filter:retweets,poll workers michigan come truth forced ask fo ,2020-11-11
137,Biden -filter:retweets,latest us election vote counting recount efforts donald trump lawsuits ,2020-11-11
138,Biden -filter:retweets,thats biden home bro anyone whose ever met biden knows much sweetheart ,2020-11-11
139,Biden -filter:retweets,bidens choice ron klain run white house signals rejection trump era chaos ,2020-11-11
140,Biden -filter:retweets,state michigan voter fraud proven man william bradley born 1902 died 1984 somehow cast ,2020-11-11
141,Biden -filter:retweets,bidens support uk falklands war showed worth finally 38 years later island ,2020-11-11
142,Biden -filter:retweets,maybe dead voters calling biden join ,2020-11-11
143,Biden -filter:retweets,according epoch times fall short 270 required electo ,2020-11-11
144,Biden -filter:retweets,love joe biden form philippines ,2020-11-11
145,Biden -filter:retweets,oh well lies wont matter christian kylee trump ,2020-11-11
146,Biden -filter:retweets,biden gets going put illegal aliens china first scares ,2020-11-11
147,Biden -filter:retweets,best news week biden arizona win op ed karl rove murdoch ,2020-11-11
148,Biden -filter:retweets,course biden people voted 80 yo never voted everyone voted repair country ,2020-11-11
149,Biden -filter:retweets,really believing shit ebola biden shit never got ,2020-11-11
150,Biden -filter:retweets,even attempt post picture hunter biden crack pipe twitter lock account try ,2020-11-11
151,Biden -filter:retweets,found 42 ballots buried beneath pile hunter biden laptops shrub woods ,2020-11-11
152,Biden -filter:retweets,cause close heart essential democracy please sign ,2020-11-11
153,Biden -filter:retweets,loss getting briefings able lankford said noting sits ,2020-11-11
154,Biden -filter:retweets,guess biden still clearance dont know harris ,2020-11-11
155,Biden -filter:retweets,brave place anywhere see people celebrating biden attack ignoreblock nothing pis ,2020-11-11
156,Biden -filter:retweets,joe biden win grows decisive day votes counted ,2020-11-11
157,Biden -filter:retweets,none voted biden one voted biden hopefully come ,2020-11-11
158,Biden -filter:retweets,nearly 80 americans say biden white house ignoring trump refusal concede reuters ipsos poll ,2020-11-11
159,Biden -filter:retweets,biden wins ccp wins democrats republicans lose americans sad ,2020-11-11
160,Biden -filter:retweets,link michigan state well full fraud lawsuits ,2020-11-11
161,Biden -filter:retweets,hidin biden basement knew need campaign due frau ,2020-11-11
162,Biden -filter:retweets,one cheating stealing trump voted fact 85 manhattan ,2020-11-11
163,Biden -filter:retweets,trump campaign says marked biden harris van rolled polls election day filled hu ,2020-11-11
164,Biden -filter:retweets,whats bothering almost even forgot powers president c ,2020-11-11
165,Biden -filter:retweets,president elect joe biden thinks embarrassment president donald trump wo acknowledge defeat ,2020-11-11
166,Biden -filter:retweets,yes people hate father much biden supporters arent stupid enough ,2020-11-11
167,Biden -filter:retweets,better get role biden harris administration anything pandemic ,2020-11-11
168,Biden -filter:retweets,biden fake liar makes better ,2020-11-11
169,Biden -filter:retweets,joe biden popular vote lead donald trump passes 5 million ,2020-11-11
170,Biden -filter:retweets,first thought omg hes bidens leo biden cabinet biden transition ,2020-11-11
171,Biden -filter:retweets,navajo amp hopi families covid 19 relief fund 97 voted biden support ,2020-11-11
172,Biden -filter:retweets,sweden 100 biden media crazy trump dangerous psykopat sweden one coruppt cou ,2020-11-11
173,Biden -filter:retweets,well well well hostile takeover wall street assumes command biden transition team via breitbart news ,2020-11-11
174,Biden -filter:retweets,embarrassed pm scott morrison could congratulate mr biden ,2020-11-11
175,Biden -filter:retweets,cases dismissed laughing loud also twitter videos matter since recount ,2020-11-11
176,Biden -filter:retweets,people wondering trump would attend bidens inauguration lets clear trump shouldnt allowed attend ,2020-11-11
177,Biden -filter:retweets,big mistake foreign leader congratulate biden w ,2020-11-11
178,Biden -filter:retweets,normal democrat voter blinded left lies told fa ,2020-11-11
179,Biden -filter:retweets,state department preventing biden accessing messages foreign leaders j ,2020-11-11
180,Biden -filter:retweets,even fox news recognizes biden ,2020-11-11
181,Biden -filter:retweets,like 0 chance mail ballots b ,2020-11-11
182,Biden -filter:retweets,laughing loud well biden house testing vaccinations likely ,2020-11-11
183,Biden -filter:retweets,dont also miraculously biden president elect 90 effective c ,2020-11-11
184,Biden -filter:retweets,simple minded people ca admit people support ,2020-11-11
185,Biden -filter:retweets,biden received 76 million votes spanky lost ,2020-11-11
186,Biden -filter:retweets,petty fucking children state department preventing biden accessing messages foreign leaders ,2020-11-11
187,Biden -filter:retweets,biden cages ,2020-11-11
188,Biden -filter:retweets,joe jill biden making every effort polite nice represent good values america donald tr ,2020-11-11
189,Biden -filter:retweets,gop former prosecutors blast trump endorse biden washington post ,2020-11-11
190,Biden -filter:retweets,likely republican shenanigans biden ballots democracy wins ,2020-11-11
191,Biden -filter:retweets,interesting disconnected world biden must live seriously propose national multi wee ,2020-11-11
192,Biden -filter:retweets,awesome theres fraud alaska correct st ,2020-11-11
193,Biden -filter:retweets,supported biden harris everyone afraid say ,2020-11-11
194,Biden -filter:retweets,biden serious change warren treasury talib housing urban development anything ca ,2020-11-11
195,Biden -filter:retweets,like shoveled money black lives matter summer donated ,2020-11-11
196,Biden -filter:retweets,pretty sure ivankas patented voting machines working overtime ,2020-11-11
197,Biden -filter:retweets,bless heart biden ,2020-11-11
198,Biden -filter:retweets,de blasios daughter verbal slip claims biden able steal election whoops ,2020-11-11
199,Biden -filter:retweets,symbolically would dreaming replanting rose garden much great country thank dr biden ,2020-11-11
200,BLM -filter:retweets,hell would use pronouns anywaynot referring neopronouns stupid ones like blmblmself ,2020-11-11
201,BLM -filter:retweets,also didnt say anything blm streets say thats real reason ari unfol ,2020-11-11
202,BLM -filter:retweets,guess hype trump losing election republicans rioting burning ,2020-11-11
203,BLM -filter:retweets,going stay close touch cngrsman pure texas pol ,2020-11-11
204,BLM -filter:retweets,mon jun 01 2020 dc washington dc protesters quickly violently pushed lafayette square watch ,2020-11-11
205,BLM -filter:retweets,voting fraud big operation hide people start going jail everyone going turn ,2020-11-11
206,BLM -filter:retweets,blm never lead discussion people need n e v e rb1 ,2020-11-11
207,BLM -filter:retweets,blm spread covid destroy america handful trump rall ,2020-11-11
208,BLM -filter:retweets,uh say jeremy hinton said liberals sense ask portland ,2020-11-11
209,BLM -filter:retweets,kinda feeling gabe held shitty views saw liked posts lack support ,2020-11-11
210,BLM -filter:retweets,using blm pronouns like pardon ,2020-11-11
211,BLM -filter:retweets,bad isksm agree get bashed like fools doingto ghese peopke coul ,2020-11-11
212,BLM -filter:retweets,tw racism amp police brutality obviously using blmblmself acabacabself yes apparently assholes actually ,2020-11-11
213,BLM -filter:retweets,two concepts interlinked reparations blm realsecurity ,2020-11-11
214,BLM -filter:retweets,northern california man seeking restraining order neighbors described ruth ,2020-11-11
215,BLM -filter:retweets,oh ok millions protest blm streets give frick ,2020-11-11
216,BLM -filter:retweets,wonder president obama white house warming baby formula amp looking like fool around world ,2020-11-11
217,BLM -filter:retweets,lovethyneighbor asshole gues back blm antifa ,2020-11-11
218,BLM -filter:retweets,youre smart see difference blm defund police common sense ,2020-11-11
219,BLM -filter:retweets,look extortionfrom fraud doj creation date copyrightthen cofo ,2020-11-11
220,BLM -filter:retweets,well tbf frightening time black people still lynched families targeted etc yo ,2020-11-11
221,BLM -filter:retweets,erik stena former portland mayoral thorn lessons ted wheeler portland pdx ,2020-11-11
222,BLM -filter:retweets,steals content black creator tries claim minority know ,2020-11-11
223,BLM -filter:retweets,late rioters blm already spread flu everywhere remember acceptable behavior ,2020-11-11
224,BLM -filter:retweets,need lockdown long democrats let blm antifa riot celebrate like recently biden ,2020-11-11
225,BLM -filter:retweets,hope civil war happen last 4 years radical left antifa blm des ,2020-11-11
226,BLM -filter:retweets,blm co founder meet biden lay expectations top priority defunding police ,2020-11-11
227,BLM -filter:retweets,blm organization many times need told two separate things ,2020-11-11
228,BLM -filter:retweets,please go check bw five five playlist apple music check blm ft ,2020-11-11
229,BLM -filter:retweets,took adhd medication would gay blm coomer activist tiktok ,2020-11-11
230,BLM -filter:retweets,blm rights police brutality blacks acab like cops ,2020-11-11
231,BLM -filter:retweets,sounds like someone wants blm antifa ruin america ,2020-11-11
232,BLM -filter:retweets,difference antifa blm targeting asian owned businesses spray painting gentri ,2020-11-11
233,BLM -filter:retweets,represent movement woman recording talking leader blm ,2020-11-11
234,BLM -filter:retweets,basically pointing hypocrisy saying blm saying fck mis ,2020-11-11
235,BLM -filter:retweets,probably used money blm fund realize going need good criminal lawyers ,2020-11-11
236,BLM -filter:retweets,blm doesnt care blacks people theyre political group getting rich people like laugh ,2020-11-11
237,BLM -filter:retweets,aint followforlike followmeto followbacknow love instagram followtrickers blm ,2020-11-11
238,BLM -filter:retweets,doubt truly support blm bcoz talks like lives matter supporter ,2020-11-11
239,BLM -filter:retweets,seems ,2020-11-11
240,BLM -filter:retweets,blm endorse logic dems conn ,2020-11-11
241,BLM -filter:retweets,like blm antifa watching witnessed 3 poll workers looking suspicious appr ,2020-11-11
242,BLM -filter:retweets,public quid pro quo one leaders summer open violence run ,2020-11-11
243,BLM -filter:retweets,kinda little late seems reads like publicity stunt issued aft ,2020-11-11
244,BLM -filter:retweets,white women align blm almost always ill ,2020-11-11
245,BLM -filter:retweets,part wants lockdown going red pill people woke wi ,2020-11-11
246,BLM -filter:retweets,quawan charles murdered blm ,2020-11-11
247,BLM -filter:retweets,proven election fraud justice robbed patriots rise make blm ,2020-11-11
248,BLM -filter:retweets,get frustrated election riot burn loot murder nope saying trump wins ,2020-11-11
249,BLM -filter:retweets,yall really raided every single website damn ps5 worse blm raids smh head ,2020-11-11
250,BLM -filter:retweets,vote georgia lady ms stacey abrams hero blm ,2020-11-11
251,BLM -filter:retweets,blm teaching black children sk ,2020-11-11
252,BLM -filter:retweets,dedicated copmala aka krs one sound da police official video via blm ,2020-11-11
253,BLM -filter:retweets,anyone follows amanda ensing unfollow point tired hershe used say blm thi ,2020-11-11
254,BLM -filter:retweets,gd right fkng hypocrites ca stand sheeple amp mag ats scream rafters decency amp allow ,2020-11-11
255,BLM -filter:retweets,quawan charles 15 yo black boy found disfigured state louisiana homicide ,2020-11-11
256,BLM -filter:retweets,black panther party black leadership pro black agenda blm ,2020-11-11
257,BLM -filter:retweets,sure thing one white supremacist us cuban american sen rubio whose fondest wish return ca ,2020-11-11
258,BLM -filter:retweets,left replaced religion causes blm socialism defund police science liberal rel ,2020-11-11
259,BLM -filter:retweets,trying test something black white american pro ,2020-11-11
260,BLM -filter:retweets,blm marxist pro sexual devian ,2020-11-11
261,BLM -filter:retweets,thankfully irrelevant bc joe never step foot white house blm enough dividing looting ,2020-11-11
262,BLM -filter:retweets,soros zuckerberg wonder common dog whistles supposed heard also facebook p ,2020-11-11
263,BLM -filter:retweets,blame blm hate group trash organization ,2020-11-11
264,BLM -filter:retweets,blm co founder sends message biden want something vote fox news ,2020-11-11
265,BLM -filter:retweets,thats ive gone hundreds blm cpac amp education protests wrote resolutions 4 cpac door knocked byro ,2020-11-11
266,BLM -filter:retweets,votes blm holding joe biden hostage say burn ,2020-11-11
267,BLM -filter:retweets,whats matter thugs come one stepping get behind fucking ,2020-11-11
268,BLM -filter:retweets,literally got educated sexualities neopronouns even harder remember use 10 ,2020-11-11
269,BLM -filter:retweets,followers keep disappearing like blm job fair also like follow must glitch censorship ,2020-11-11
270,BLM -filter:retweets,theyre somewhere gathering gearampmaking plans start democrat paid job destroy ,2020-11-11
271,BLM -filter:retweets,one thing say democrats antifa blm covid hysteria industry bs made ,2020-11-11
272,BLM -filter:retweets,winning wi nning winningi wonder msm high tech hollywood education teachers unio ,2020-11-11
273,BLM -filter:retweets,many blacks follow blm see way create white genocide many blm believe white skin ,2020-11-11
274,BLM -filter:retweets,ok let get straight white dude rlly said know blm park guys didnt real ,2020-11-11
275,BLM -filter:retweets,based showed blm plaza around country thinking problem booga ,2020-11-11
276,BLM -filter:retweets,heather blm lgbt flag twitter bio rhoslc ,2020-11-11
277,BLM -filter:retweets,blm shut pompeo playing 4 chess k actually prefer israel lobby qatar pr ,2020-11-11
278,BLM -filter:retweets,bother listen conference call regarding court hearing ha ,2020-11-11
279,BLM -filter:retweets,priority blm got used dnc suckers ,2020-11-11
280,BLM -filter:retweets,incumbent governor expect make changes nh benefit residents dem ,2020-11-11
281,BLM -filter:retweets,actually blm antifa idiots white ,2020-11-11
282,BLM -filter:retweets,stratford sergeant longer serving public information officer required take sensitivit ,2020-11-11
283,BLM -filter:retweets,omg use antifa blm election fraud amp antifa surveilled already ho lee shit z ,2020-11-11
284,BLM -filter:retweets,assure blm trying overturn capitalism favor communism ,2020-11-11
285,BLM -filter:retweets,turns televised recorded played shared million times unfortunately repea ,2020-11-11
286,BLM -filter:retweets,say fair means yo ,2020-11-11
287,BLM -filter:retweets,wonder would make determination riot cops attacked blm said folks intimida ,2020-11-11
288,BLM -filter:retweets,muzzled dementia moron bunker wi ,2020-11-11
289,BLM -filter:retweets,,2020-11-11
290,BLM -filter:retweets,course live free country tell woman abort wa ,2020-11-11
291,BLM -filter:retweets,bro guys proof white people trynna like yess blm black women latinos ,2020-11-11
292,BLM -filter:retweets,notice blm knows better make demands trump administration waited biden harris expect ,2020-11-11
293,BLM -filter:retweets,majority black adults think blm activism uniting country majority white adults disagree blm ,2020-11-11
294,BLM -filter:retweets,far im aware blm never advocated ,2020-11-11
295,BLM -filter:retweets,doubt millions donated blm went certainly spent di ,2020-11-11
296,BLM -filter:retweets,since blm racist ,2020-11-11
297,BLM -filter:retweets,addy reveal 920 harrahs ct helena montana racism blm ,2020-11-11
298,BLM -filter:retweets,question ,2020-11-11
299,BLM -filter:retweets,postal worker takes back claims ballot tampering via maga2020 ,2020-11-11
300,Black Lives Matter -filter:retweets,22and witnessed watching recent protestslarge amounts white ,2020-11-11
301,Black Lives Matter -filter:retweets,literally makes sense shows close minded people ca ,2020-11-11
302,Black Lives Matter -filter:retweets,like shoveled money black lives matter summer donated ,2020-11-11
303,Black Lives Matter -filter:retweets,yes get also explain black lives matter right ,2020-11-11
304,Black Lives Matter -filter:retweets,black lives matter ,2020-11-11
305,Black Lives Matter -filter:retweets,shit put children cages separated families goodbye white supremacist thinks bl ,2020-11-11
306,Black Lives Matter -filter:retweets,black lives matter anti fascism terrorism humans right protest botsforblacklives ,2020-11-11
307,Black Lives Matter -filter:retweets,black lives matter anti fascism terrorism humans right protest botsforblacklives ,2020-11-11
308,Black Lives Matter -filter:retweets,black lives matter anti fascism terrorism humans right protest botsforblacklives ,2020-11-11
309,Black Lives Matter -filter:retweets,black lives matter anti fascism terrorism humans right protest botsforblacklives ,2020-11-11
310,Black Lives Matter -filter:retweets,black lives matter anti fascism terrorism humans right protest botsforblacklives ,2020-11-11
311,Black Lives Matter -filter:retweets,black lives matter anti fascism terrorism humans right protest botsforblacklives ,2020-11-11
312,Black Lives Matter -filter:retweets,black lives matter anti fascism terrorism humans right protest botsforblacklives ,2020-11-11
313,Black Lives Matter -filter:retweets,black lives matter anti fascism terrorism humans right protest botsforblacklives ,2020-11-11
314,Black Lives Matter -filter:retweets,tw racism amp police brutality obviously using blmblmself acabacabself yes apparently assholes actually ,2020-11-11
315,Black Lives Matter -filter:retweets,sounds like gearing say instead black lives mat ,2020-11-11
316,Black Lives Matter -filter:retweets,wonder shes science stop race violence ,2020-11-11
317,Black Lives Matter -filter:retweets,christian bitches act like warped sense christianity determines wether black peoples lives matter lmfao ,2020-11-11
318,Black Lives Matter -filter:retweets,portland civilian leadership pathetic allow terrorize entire city ,2020-11-11
319,Black Lives Matter -filter:retweets,call terrorist black lives matter memoir patrisse cullors asha handele read ,2020-11-11
320,Black Lives Matter -filter:retweets,hard argue black lives matter pretty controversial even 60 ,2020-11-11
321,Black Lives Matter -filter:retweets,black lives matter anti fascism terrorism humans right protest botsforblacklives ,2020-11-11
322,Black Lives Matter -filter:retweets,black lives matter anti fascism terrorism humans right protest botsforblacklives ,2020-11-11
323,Black Lives Matter -filter:retweets,black lives matter anti fascism terrorism humans right protest botsforblacklives ,2020-11-11
324,Black Lives Matter -filter:retweets,black lives matter anti fascism terrorism humans right protest botsforblacklives ,2020-11-11
325,Black Lives Matter -filter:retweets,black lives matter anti fascism terrorism humans right protest botsforblacklives ,2020-11-11
326,Black Lives Matter -filter:retweets,black lives matter anti fascism terrorism humans right protest botsforblacklives ,2020-11-11
327,Black Lives Matter -filter:retweets,black lives matter anti fascism terrorism humans right protest botsforblacklives ,2020-11-11
328,Black Lives Matter -filter:retweets,black lives matter anti fascism terrorism humans right protest botsforblacklives ,2020-11-11
329,Black Lives Matter -filter:retweets,fuck black lives matter ,2020-11-11
330,Black Lives Matter -filter:retweets,fuck black lives matter ,2020-11-11
331,Black Lives Matter -filter:retweets,years ago people saying black lives matter poorly conceived slogan eve ,2020-11-11
332,Black Lives Matter -filter:retweets,1 trump simultaneously claiming michigan didnt allow poll watchers amp basing case watcher affidavits ,2020-11-11
333,Black Lives Matter -filter:retweets,democrats root structural systemic racism economy society reform crimin ,2020-11-11
334,Black Lives Matter -filter:retweets,justicefor quawan charles justicefor quawan charles justicefor quawan charles justicefor quawan charles ,2020-11-11
335,Black Lives Matter -filter:retweets,yall act like marxism deflates idea black lives matter fuck guys ,2020-11-11
336,Black Lives Matter -filter:retweets,using christianity support black lives still makes sense lmfao couple peoples wor ,2020-11-11
337,Black Lives Matter -filter:retweets,one could utter single word community came forward took clear stand h ,2020-11-11
338,Black Lives Matter -filter:retweets,super doom guy joins black lives matter protest gets pissed 3 amp knuckles director cut 2067 microsoft ,2020-11-11
339,Black Lives Matter -filter:retweets,case forgot black lives still matter ,2020-11-11
340,Black Lives Matter -filter:retweets,sorry unfortunately call bs basically every word wrote sorry lol woul ,2020-11-11
341,Black Lives Matter -filter:retweets,black lives matter anti fascism terrorism humans right protest botsforblacklives ,2020-11-11
342,Black Lives Matter -filter:retweets,black lives matter anti fascism terrorism humans right protest botsforblacklives ,2020-11-11
343,Black Lives Matter -filter:retweets,black lives matter anti fascism terrorism humans right protest botsforblacklives ,2020-11-11
344,Black Lives Matter -filter:retweets,black lives matter anti fascism terrorism humans right protest botsforblacklives ,2020-11-11
345,Black Lives Matter -filter:retweets,black lives matter anti fascism terrorism humans right protest botsforblacklives ,2020-11-11
346,Black Lives Matter -filter:retweets,black lives matter anti fascism terrorism humans right protest botsforblacklives ,2020-11-11
347,Black Lives Matter -filter:retweets,black lives matter anti fascism terrorism humans right protest botsforblacklives ,2020-11-11
348,Black Lives Matter -filter:retweets,black lives matter anti fascism terrorism humans right protest botsforblacklives ,2020-11-11
349,Black Lives Matter -filter:retweets,know candance owens bastion truth claims l ,2020-11-11
350,Black Lives Matter -filter:retweets,soon come headline doge becomes black lives matter symbolic meme donald trump ready war ,2020-11-11
351,Black Lives Matter -filter:retweets,black lives matter ,2020-11-11
352,Black Lives Matter -filter:retweets,black lives matter mean black lives matter according white man ,2020-11-11
353,Black Lives Matter -filter:retweets,family heart goes pray charles family high time issue black liv ,2020-11-11
354,Black Lives Matter -filter:retweets,black lives matter ,2020-11-11
355,Black Lives Matter -filter:retweets,talking terrorist group statement black lives indeed matter strongly support latter ,2020-11-11
356,Black Lives Matter -filter:retweets,mike slater takes closer look media role demonizing law enforcement protests riots amer ,2020-11-11
357,Black Lives Matter -filter:retweets,always countrygirl_097 saying black lives matter opinion trying defend themsel ,2020-11-11
358,Black Lives Matter -filter:retweets,black lives matter ,2020-11-11
359,Black Lives Matter -filter:retweets,4 years high school black lives matter didnt exist still teased even thought ,2020-11-11
360,Black Lives Matter -filter:retweets,also see reports spread equal amoun ,2020-11-11
361,Black Lives Matter -filter:retweets,closest could probably suggest using straight alley flag yeah black ,2020-11-11
362,Black Lives Matter -filter:retweets,black lives matter anti fascism terrorism humans right protest botsforblacklives ,2020-11-11
363,Black Lives Matter -filter:retweets,black lives matter anti fascism terrorism humans right protest botsforblacklives ,2020-11-11
364,Black Lives Matter -filter:retweets,black lives matter anti fascism terrorism humans right protest botsforblacklives ,2020-11-11
365,Black Lives Matter -filter:retweets,black lives matter anti fascism terrorism humans right protest botsforblacklives ,2020-11-11
366,Black Lives Matter -filter:retweets,black lives matter anti fascism terrorism humans right protest botsforblacklives ,2020-11-11
367,Black Lives Matter -filter:retweets,black lives matter anti fascism terrorism humans right protest botsforblacklives ,2020-11-11
368,Black Lives Matter -filter:retweets,black lives matter anti fascism terrorism humans right protest botsforblacklives ,2020-11-11
369,Black Lives Matter -filter:retweets,black lives matter anti fascism terrorism humans right protest botsforblacklives ,2020-11-11
370,Black Lives Matter -filter:retweets,black lives matter co founder demand biden prioritize agenda via breitbart news ,2020-11-11
371,Black Lives Matter -filter:retweets,oh american flag racist every flag racist black white brown every color ,2020-11-11
372,Black Lives Matter -filter:retweets,im sure jesus thinks black peopes lives matter alright ,2020-11-11
373,Black Lives Matter -filter:retweets,black people gone 500 years nothing compared happened jews tho ,2020-11-11
374,Black Lives Matter -filter:retweets,blm saying lives matter alm protest protest ,2020-11-11
375,Black Lives Matter -filter:retweets,difference black lives matter something easy people understa ,2020-11-11
376,Black Lives Matter -filter:retweets,lady nails today kept wanting talk politics trying avoid express b ,2020-11-11
377,Black Lives Matter -filter:retweets,started negatives zero bidens win doesnt mean go back normalcy bla ,2020-11-11
378,Black Lives Matter -filter:retweets,tay said black lives matter nails bitch retarded laughing loud ,2020-11-11
379,Black Lives Matter -filter:retweets,well actually reason happens lot ,2020-11-11
380,Black Lives Matter -filter:retweets,thought scared especially adult daughters mixed race go ,2020-11-11
381,Black Lives Matter -filter:retweets,thats utterly ridiculous need convince people black lives ,2020-11-11
382,Black Lives Matter -filter:retweets,screaming black lives matter long ,2020-11-11
383,Black Lives Matter -filter:retweets,supporting black lives matter amp believing black lives matter two different things deliberate ,2020-11-11
384,Black Lives Matter -filter:retweets,black lives matter anti fascism terrorism humans right protest botsforblacklives ,2020-11-11
385,Black Lives Matter -filter:retweets,black lives matter anti fascism terrorism humans right protest botsforblacklives ,2020-11-11
386,Black Lives Matter -filter:retweets,black lives matter anti fascism terrorism humans right protest botsforblacklives ,2020-11-11
387,Black Lives Matter -filter:retweets,black lives matter anti fascism terrorism humans right protest botsforblacklives ,2020-11-11
388,Black Lives Matter -filter:retweets,black lives matter anti fascism terrorism humans right protest botsforblacklives ,2020-11-11
389,Black Lives Matter -filter:retweets,black lives matter anti fascism terrorism humans right protest botsforblacklives ,2020-11-11
390,Black Lives Matter -filter:retweets,black lives matter anti fascism terrorism humans right protest botsforblacklives ,2020-11-11
391,Black Lives Matter -filter:retweets,black lives matter anti fascism terrorism humans right protest botsforblacklives ,2020-11-11
392,Black Lives Matter -filter:retweets,ordered black lives matter mask im planning wearing work im sure someone gonna ,2020-11-11
393,Black Lives Matter -filter:retweets,want care black lives feel compelled exactl ,2020-11-11
394,Black Lives Matter -filter:retweets,unless open raw convsersations like among bame community incl jewish amp ,2020-11-11
395,Black Lives Matter -filter:retweets,black lives matter begging seat bidens table give ,2020-11-11
396,Black Lives Matter -filter:retweets,xtra history sessions 6 9pm via zoom nov 16 today brixton locked day black lives matter shu ,2020-11-11
397,Black Lives Matter -filter:retweets,got sweater soft inside remember black lives matter poc lives matter still mistreated ,2020-11-11
398,Black Lives Matter -filter:retweets,defund police slogan became common george floyd protests black liv ,2020-11-11
399,Black Lives Matter -filter:retweets,spoke clearly situation affected remembe ,2020-11-11
400,Amy Coney Barrett -filter:retweets,case stripping supreme court power via voxdotcom ,2020-11-11
401,Amy Coney Barrett -filter:retweets,woman college student immigrant someone depends parents healthcare taken ,2020-11-11
402,Amy Coney Barrett -filter:retweets,amy coney barrett ,2020-11-11
403,Amy Coney Barrett -filter:retweets,wonder amy coney barrett knows understands dems concerned recuse ,2020-11-11
404,Amy Coney Barrett -filter:retweets,june medical services llc v russo dissents 4 judges made clear ,2020-11-11
405,Amy Coney Barrett -filter:retweets,analysts see 70 chance supreme court upholding bulk affordable care act better odds tha ,2020-11-11
406,Amy Coney Barrett -filter:retweets,come amy coney barrett placed reason dont think anyone scared ,2020-11-11
407,Amy Coney Barrett -filter:retweets,although promising zero tolerance campus campus gatherings violated ,2020-11-11
408,Amy Coney Barrett -filter:retweets,paging amy coney barrett perfect senate confirmation answer arrived ,2020-11-11
409,Amy Coney Barrett -filter:retweets,iceburg amy coney barrett going sink tit ,2020-11-11
410,Amy Coney Barrett -filter:retweets,carson west virginian manchin voted impeach trump voted amy coney barrett h ,2020-11-11
411,Amy Coney Barrett -filter:retweets,trump may shared certain material laptop amy coney barrett members ,2020-11-11
412,Amy Coney Barrett -filter:retweets,oh sorry realise amy coney bar ,2020-11-11
413,Amy Coney Barrett -filter:retweets,thats donald thought amy coney barrett would decide election ,2020-11-11
414,Amy Coney Barrett -filter:retweets,buzz acb isnt easy 123 mini episode mira self reflections involve learnin ,2020-11-11
415,Amy Coney Barrett -filter:retweets,tune changed dramatically since election moderate attitude v ,2020-11-11
416,Amy Coney Barrett -filter:retweets,women party affiliations amy coney barrett hypocrites shoul ,2020-11-11
417,Amy Coney Barrett -filter:retweets,front page also note headline justices seem signal uphold obamacare ment ,2020-11-11
418,Amy Coney Barrett -filter:retweets,spend every day amy coney barrett brett kavanaugh clarence thoma ,2020-11-11
419,Amy Coney Barrett -filter:retweets,yeah call kamala harris slurs rude names definitely call amy coney barrett lack exp ,2020-11-11
420,Amy Coney Barrett -filter:retweets,arguing amy coney barrett rights ,2020-11-11
421,Amy Coney Barrett -filter:retweets,watching polls months collins started pull ahead som ,2020-11-11
422,Amy Coney Barrett -filter:retweets,someone texted referred amy coney barrett acb wanted throw phone across room ,2020-11-11
423,Amy Coney Barrett -filter:retweets,exactly silent amy coney barrett ,2020-11-11
424,Amy Coney Barrett -filter:retweets,clown called judge amy coney barrett racist adopting haitian children ,2020-11-11
425,Amy Coney Barrett -filter:retweets,shall remind bush v gore battle 200 ,2020-11-11
426,Amy Coney Barrett -filter:retweets,yall find amy coney barrett appointed election really soon ,2020-11-11
427,Amy Coney Barrett -filter:retweets,thanks sharing incredible peek confirmation process wonder documents ,2020-11-11
428,Amy Coney Barrett -filter:retweets,amy coney barrett get get wait ,2020-11-11
429,Amy Coney Barrett -filter:retweets,catholic attacked supreme court justice amy coney barrett catholic ,2020-11-11
430,Amy Coney Barrett -filter:retweets,theyre calling misogynist calling ,2020-11-11
431,Amy Coney Barrett -filter:retweets,shes calling misogynist calling amy coney barrett bitch ,2020-11-11
432,Amy Coney Barrett -filter:retweets,anytime someone says amy coney barrett wrong die someone said amy corncob barbecue ,2020-11-11
433,Amy Coney Barrett -filter:retweets,still waiting hail mary amy coney barrett ,2020-11-11
434,Amy Coney Barrett -filter:retweets,biden didnt win crap aint til legal votes coun ,2020-11-11
435,Amy Coney Barrett -filter:retweets,yah enough think amy coney barrett adopted giant family soft ,2020-11-11
436,Amy Coney Barrett -filter:retweets,love amy coney barrett decide outcome election ,2020-11-11
437,Amy Coney Barrett -filter:retweets,people say charge wtaf thanks want someone like ,2020-11-11
438,Amy Coney Barrett -filter:retweets,actually think lot amy coney barrett think nomination brought ba ,2020-11-11
439,Amy Coney Barrett -filter:retweets,yes absolutely constitutionally permitted convicted felon run president prison ,2020-11-11
440,Amy Coney Barrett -filter:retweets,joe walsh think roberts amp kavanaugh join liberal justices liked judge amy coney barrett ,2020-11-11
441,Amy Coney Barrett -filter:retweets,fact call gore president elect 30 days 200 courts ruled declared bus ,2020-11-11
442,Amy Coney Barrett -filter:retweets,trump one replaced usps postmaster general slow processing mail ballots repu ,2020-11-11
443,Amy Coney Barrett -filter:retweets,ask amy coney barrettshe decline answer grounds ,2020-11-11
444,Amy Coney Barrett -filter:retweets,would trust philly poll workers wearing maga masks dims want amy coney barrett ,2020-11-11
445,Amy Coney Barrett -filter:retweets,recount farce cover amy coney barretts conformation farce election recount goes ,2020-11-11
446,Amy Coney Barrett -filter:retweets,im telling amy coney barrett yall think scotus rule ,2020-11-11
447,Amy Coney Barrett -filter:retweets,ud connection justice amy coney barrett via university news ,2020-11-11
448,Amy Coney Barrett -filter:retweets,election going trashed electorates appointed trump rigged crooked supreme courtbei ,2020-11-11
449,Amy Coney Barrett -filter:retweets,called gore president elect 30 days 200 courts ruled declared bush winner two pe ,2020-11-11
450,Amy Coney Barrett -filter:retweets,remember best friend mitt romney supported amy coney barrett supreme court associate justice ,2020-11-11
451,Amy Coney Barrett -filter:retweets,right right clarence thomas john roberts amy coney barrett boof kavanaugh ,2020-11-11
452,Amy Coney Barrett -filter:retweets,culture tells women amp girls patriarchal religion fertility hold back life ,2020-11-11
453,Amy Coney Barrett -filter:retweets,prediction amy coney barrett betray trump ,2020-11-11
454,Amy Coney Barrett -filter:retweets,amy coney barrett decided going let biden president yet ,2020-11-11
455,Amy Coney Barrett -filter:retweets,phrasing sorry presidential election never overturned due ,2020-11-11
456,Amy Coney Barrett -filter:retweets,woman picture takings notes hearing comey clapper brennan amp flynn amy coney barrett ,2020-11-11
457,Amy Coney Barrett -filter:retweets,cadeyrn sister wonderful debate constitutional law th ,2020-11-11
458,Amy Coney Barrett -filter:retweets,may get dragged want ask exactly tf amy coney barrett bad person ,2020-11-11
459,Amy Coney Barrett -filter:retweets,okay boy wonder amy coney barrett reality long deemed mention tweet ,2020-11-11
460,Amy Coney Barrett -filter:retweets,think amy coney barrett countering majoritarian difficulty quite page ,2020-11-11
461,Amy Coney Barrett -filter:retweets,donald trump hinted taking voter fraud election abuse supreme court day electing ,2020-11-11
462,Amy Coney Barrett -filter:retweets,yup western white feminism gives zero fucks domestic atrocities h ,2020-11-11
463,Amy Coney Barrett -filter:retweets,,2020-11-11
464,Amy Coney Barrett -filter:retweets,satanic temple tries disqualify justice amy coney barrett strike pro life law ,2020-11-11
465,Amy Coney Barrett -filter:retweets,concerned confidence neil gorsuch brett kavanaugh amy coney barrett ,2020-11-11
466,Amy Coney Barrett -filter:retweets,uncle sent something facebook ,2020-11-11
467,Amy Coney Barrett -filter:retweets,bad didnt respect amy coney barrett ,2020-11-11
468,Amy Coney Barrett -filter:retweets,associate judge amy coney barrett fascist judge like house judge dredd ,2020-11-11
469,Amy Coney Barrett -filter:retweets,amy coney barrett popularly know 50 cal precision amp impact judgments ,2020-11-11
470,Amy Coney Barrett -filter:retweets,republicans like thanking veterans fighting protect freedoms nominate amy con ,2020-11-11
471,Amy Coney Barrett -filter:retweets,positive dianne feinstein fawning amy coney barret ,2020-11-11
472,Amy Coney Barrett -filter:retweets,would consider appointing christie atty gen 4 reasons trump would prob ,2020-11-11
473,Amy Coney Barrett -filter:retweets,kinda reminds trump named amy coney barrett replace rbg even laid rest ,2020-11-11
474,Amy Coney Barrett -filter:retweets,january 20th lots evidence go courts ,2020-11-11
475,Amy Coney Barrett -filter:retweets,great think someone needs get husband board people praise indoctri ,2020-11-11
476,Amy Coney Barrett -filter:retweets,big issue white r women jersey suburb abortion th ,2020-11-11
477,Amy Coney Barrett -filter:retweets,amy coney barrett ,2020-11-11
478,Amy Coney Barrett -filter:retweets,ever heard amy coney barrett shes literally anti christ supports stripping away ,2020-11-11
479,Amy Coney Barrett -filter:retweets,amy coney barrett ,2020-11-11
480,Amy Coney Barrett -filter:retweets,yes amy coney barrett sonia sotomayor elena kagan members sing ,2020-11-11
481,Amy Coney Barrett -filter:retweets,amy coney barrett ,2020-11-11
482,Amy Coney Barrett -filter:retweets,ask amy coney barrett ,2020-11-11
483,Amy Coney Barrett -filter:retweets,marco rubio really brand religious fundamentalism inserting government ,2020-11-11
484,Amy Coney Barrett -filter:retweets,life story justice amy coney barrett single tweet ,2020-11-11
485,Amy Coney Barrett -filter:retweets,thankful amy coney barrett first woman supreme court constitutional judge young children ,2020-11-11
486,Amy Coney Barrett -filter:retweets,whats unconstitutional fact senate failed wait new president elected ,2020-11-11
487,Amy Coney Barrett -filter:retweets,corrupt judges exist example amy coney barrett ,2020-11-11
488,Amy Coney Barrett -filter:retweets,goober sen louisiana story fox news said side changing rules really ,2020-11-11
489,Amy Coney Barrett -filter:retweets,judges like amy coney barrett ,2020-11-11
490,Amy Coney Barrett -filter:retweets,amy coney barrett says ca insurance january get covid work 9 months carefu ,2020-11-11
491,Amy Coney Barrett -filter:retweets,biden transition plan trumps refusal leave right hope dependent ,2020-11-11
492,Amy Coney Barrett -filter:retweets,manchin caucus filibustered police reform manchin filibustered covid relief actually agreed ,2020-11-11
493,Amy Coney Barrett -filter:retweets,ca see donald trump never cared abortion rights nominated amy coney barrett ensure would wi ,2020-11-11
494,Amy Coney Barrett -filter:retweets,joseph amy coney barrett ,2020-11-11
495,Amy Coney Barrett -filter:retweets,party held merrick garland rammed thru amy coney barrett dont say ,2020-11-11
496,Amy Coney Barrett -filter:retweets,wearing notre dame shirt virtual lsat serving amy coney barrett apparently ,2020-11-11
497,Amy Coney Barrett -filter:retweets,two people part decision none new supreme court justices brett kavanaugh ,2020-11-11
498,Amy Coney Barrett -filter:retweets,remember called judge amy coney barrett fundamentalist catholic turns ,2020-11-11
499,Amy Coney Barrett -filter:retweets,mean like amy coney dog barrett might want familiarize ,2020-11-11
500,Socialism -filter:retweets,realize trump organization lo ,2020-11-11
501,Socialism -filter:retweets,democratic party progressive party left ,2020-11-11
502,Socialism -filter:retweets,guy government job hates socialism weird ,2020-11-11
503,Socialism -filter:retweets,could even define socialism ,2020-11-11
504,Socialism -filter:retweets,horizontally planned libertariananarchist left wing ideologies function like ,2020-11-11
505,Socialism -filter:retweets,interesting one hand says socialism destroy economy mad ,2020-11-11
506,Socialism -filter:retweets,socialism people line bread worst kind line smart ,2020-11-11
507,Socialism -filter:retweets,premise socialism evil like kamala sai ,2020-11-11
508,Socialism -filter:retweets,claum socialism us communism shoud read gramsci adorno horkheimer fro ,2020-11-11
509,Socialism -filter:retweets,honestly expect believe socialist idiot able give almost perfect word word state ,2020-11-11
510,Socialism -filter:retweets,um tried remember prohibition black market bathtub unregulated gin cause blindness ,2020-11-11
511,Socialism -filter:retweets,cant stand socialism despise place places like venezuela whatever ,2020-11-11
512,Socialism -filter:retweets,socialism say like bad thing public libraries social se ,2020-11-11
513,Socialism -filter:retweets,would bring socialism america w ,2020-11-11
514,Socialism -filter:retweets,thats socialism prager says thats bad ,2020-11-11
515,Socialism -filter:retweets,hilarious socialism scapegoat ignorance ,2020-11-11
516,Socialism -filter:retweets,laugh democrats love stupid voters socialismdictatorship ,2020-11-11
517,Socialism -filter:retweets,obviously dont understand depths politics biden amp ha ,2020-11-11
518,Socialism -filter:retweets,ladies love president trump least little half country ,2020-11-11
519,Socialism -filter:retweets,conservatives point devastating economic human rights outcomes democrat run cities like la nyc th ,2020-11-11
520,Socialism -filter:retweets,people tend forget difference communism democratic socialism ,2020-11-11
521,Socialism -filter:retweets,saying zim socialism foreign borrowed concept ,2020-11-11
522,Socialism -filter:retweets,car users faced anything close actual costs building operating roads mitigating preventin ,2020-11-11
523,Socialism -filter:retweets,poor public nothing called socialism communism secularism fascism political fiefdom abou ,2020-11-11
524,Socialism -filter:retweets,man fl low taxes minimal govt need ca socialism said nobody ever job ,2020-11-11
525,Socialism -filter:retweets,freedom trump gt socialism biden ,2020-11-11
526,Socialism -filter:retweets,gay communists socialism facebook page tied former trump adviser steve bannon recently rem ,2020-11-11
527,Socialism -filter:retweets,oh go squad socialism branding id much rather squad ,2020-11-11
528,Socialism -filter:retweets,knock know theory behind defund rather reform amp make ,2020-11-11
529,Socialism -filter:retweets,poeple must disburse loos drive us unite locally amp national level stop ,2020-11-11
530,Socialism -filter:retweets,none socialism examples social democracy welfare state soc ,2020-11-11
531,Socialism -filter:retweets,telling strong politically controversial terminology like medicare ,2020-11-11
532,Socialism -filter:retweets,either know socialism therefore unqualified represent constitue ,2020-11-11
533,Socialism -filter:retweets,beijing biden trump last stand socialism via tube ,2020-11-11
534,Socialism -filter:retweets,every little bit matters online matters ut wasnt twit never would ,2020-11-11
535,Socialism -filter:retweets,needs win battle guys usa also canada without keeping tru ,2020-11-11
536,Socialism -filter:retweets,red states republicans resoundingly elected guess people sp ,2020-11-11
537,Socialism -filter:retweets,people still allowed question presidency though handled 4 years lives matter ,2020-11-11
538,Socialism -filter:retweets,drugs rad socialism rad ,2020-11-11
539,Socialism -filter:retweets,yup ive jumping mises mistake fraud theft president lies ,2020-11-11
540,Socialism -filter:retweets,socialism govt stuff etc ,2020-11-11
541,Socialism -filter:retweets,dont even know socialism taxpayers literally give politicians paycheck healthcare ,2020-11-11
542,Socialism -filter:retweets,seventy years 2017 time article said study said political positions began shifting ,2020-11-11
543,Socialism -filter:retweets,22 reason socialism failed take full flight collapse soviet union ,2020-11-11
544,Socialism -filter:retweets,system government monarchy including democracy course ,2020-11-11
545,Socialism -filter:retweets,cited example socialism clearly dictatorship doesnt reflect socialism values ,2020-11-11
546,Socialism -filter:retweets,hows socialism worked worl ,2020-11-11
547,Socialism -filter:retweets,great let set butt get paid someone elses money theory soc ,2020-11-11
548,Socialism -filter:retweets,broke horny main woke horny communism even must preceded dictatorship proletariat ,2020-11-11
549,Socialism -filter:retweets,thank goodness wont liberal socialism run country ,2020-11-11
550,Socialism -filter:retweets,drives crazy gop managed beam dems socialist everythings free party gop ha ,2020-11-11
551,Socialism -filter:retweets,waiting day tamil movie actually celebrates successful businessperson whose business generates e ,2020-11-11
552,Socialism -filter:retweets,12 answer quite simple greatest advocate colonialism socialism communism ,2020-11-11
553,Socialism -filter:retweets,nazism psychological issue series political economic doctrines ,2020-11-11
554,Socialism -filter:retweets,socialism government stuff laughing loud ,2020-11-11
555,Socialism -filter:retweets,want socialism ,2020-11-11
556,Socialism -filter:retweets,5 says know bullshit socialism aside venezuela ukraine ,2020-11-11
557,Socialism -filter:retweets,savor impotent protests jan 20th led old white men freshly cath would free healthcar ,2020-11-11
558,Socialism -filter:retweets,commodities need things like ,2020-11-11
559,Socialism -filter:retweets,people right criticize control speech socialism causes poverty ,2020-11-11
560,Socialism -filter:retweets,left replaced religion causes blm socialism defund police science liberal rel ,2020-11-11
561,Socialism -filter:retweets,socialism citations ,2020-11-11
562,Socialism -filter:retweets,people crazy disappear anyone speaks countries crazy let communism ,2020-11-11
563,Socialism -filter:retweets,adam smith gets lot credit go john locke social contract life liberty propert ,2020-11-11
564,Socialism -filter:retweets,though need clear socialisms name roosevelt socialist wpa reform amp regul ,2020-11-11
565,Socialism -filter:retweets,trying test something black white american pro ,2020-11-11
566,Socialism -filter:retweets,ah parts socialism agree way health care housing education sy ,2020-11-11
567,Socialism -filter:retweets,another progressive country descend civil war side allow socialism communism ,2020-11-11
568,Socialism -filter:retweets,conservatives like socialism bad one type cereal store thats wors ,2020-11-11
569,Socialism -filter:retweets,man republicans love talk socialism wonder came frommhmm b ,2020-11-11
570,Socialism -filter:retweets,fight working families hell mean bernie1 shallow presidential contend ,2020-11-11
571,Socialism -filter:retweets,tired debating socialism uneducated people ,2020-11-11
572,Socialism -filter:retweets,republicans fascist rumpers rubio another cog wh ,2020-11-11
573,Socialism -filter:retweets,know one way get socialism ,2020-11-11
574,Socialism -filter:retweets,always confused take red pill post symbol socialism ,2020-11-11
575,Socialism -filter:retweets,fascism far terrifying socialism ,2020-11-11
576,Socialism -filter:retweets,enjoy socialism ,2020-11-11
577,Socialism -filter:retweets,know sorts socialism alr ,2020-11-11
578,Socialism -filter:retweets,us political spectrum hitler l ,2020-11-11
579,Socialism -filter:retweets,imagine sony teamed government next stimulus check everyone got 1500 amp ps5 amp yall tr ,2020-11-11
580,Socialism -filter:retweets,socialismthats republicans threatened would happen elected president yall li ,2020-11-11
581,Socialism -filter:retweets,socialism government stuff ,2020-11-11
582,Socialism -filter:retweets,anyway defund police implement socialism ,2020-11-11
583,Socialism -filter:retweets,basically anything left proposes socialism new red scare ,2020-11-11
584,Socialism -filter:retweets,longer live distrust doctrinaire whether religion socialism ,2020-11-11
585,Socialism -filter:retweets,imperitive bourgeois nationalism opposed important identify specifics bourgeois ,2020-11-11
586,Socialism -filter:retweets,liberal canadian govt bought paidstill paying media govt th ,2020-11-11
587,Socialism -filter:retweets,gtcult left gtmotto left gtdescribes fascism multiple assertions ,2020-11-11
588,Socialism -filter:retweets,history repeating leftists usher socialism communism canada ,2020-11-11
589,Socialism -filter:retweets,understand basic math virus transmitted doubt know ,2020-11-11
590,Socialism -filter:retweets,new deal socialism national socialism ,2020-11-11
591,Socialism -filter:retweets,everyone like socialism bad get buns public library get free stuff read watch ,2020-11-11
592,Socialism -filter:retweets,investigation investigating along w ,2020-11-11
593,Socialism -filter:retweets,bad people democrats lied cheated undermine constit ,2020-11-11
594,Socialism -filter:retweets,yes let take schools back teach children socialism ,2020-11-11
595,Socialism -filter:retweets,remember peopleyou vote c ,2020-11-11
596,Socialism -filter:retweets,useful idiots term first coined commu ,2020-11-11
597,Socialism -filter:retweets,would crack open dictionary even wikipedia look socialis ,2020-11-11
598,Socialism -filter:retweets,party lot lot leaders influencers radical far left pus ,2020-11-11
599,Socialism -filter:retweets,everything socialism jeez ,2020-11-11
600,Pence -filter:retweets,trump officials mocked democrats 2016 isore losers accepting election results ,2020-11-11
601,Pence -filter:retweets,letters editor trump wo self pardon resigns lets mike pence take via yahoo ,2020-11-11
602,Pence -filter:retweets,twice size pence ,2020-11-11
603,Pence -filter:retweets,jesus needs snuff mike pence ,2020-11-11
604,Pence -filter:retweets,absolutely disgrace persons ph ,2020-11-11
605,Pence -filter:retweets,ok well federal pardon wont help still think pence gonna pardon gr ,2020-11-11
606,Pence -filter:retweets,devaluation name kennedy party 4 years ago ,2020-11-11
607,Pence -filter:retweets,pence going jeopardize 2024 run 25th amendment run ,2020-11-11
608,Pence -filter:retweets,seems though pence taken page scotty marketing shit hits fan fuck somewhere ,2020-11-11
609,Pence -filter:retweets,continue nothing let people die according plan ever freaking q tip ,2020-11-11
610,Pence -filter:retweets,ridiculous fact needed shamed staying idea republicans capab ,2020-11-11
611,Pence -filter:retweets,veterans day observed 100 years observed many ,2020-11-11
612,Pence -filter:retweets,coward pence ,2020-11-11
613,Pence -filter:retweets,would anyone subject media torture ,2020-11-11
614,Pence -filter:retweets,yeahh trump 2020 rigged election ,2020-11-11
615,Pence -filter:retweets,biden president harris vice proven otherwise pepolsi facilitator shoot ,2020-11-11
616,Pence -filter:retweets,trump pence coming wh ,2020-11-11
617,Pence -filter:retweets,realize pence would charge month would probably pardon ,2020-11-11
618,Pence -filter:retweets,copypaste emails supporters every patriot chips 45 president trump ,2020-11-11
619,Pence -filter:retweets,64 seen many vp agree pence worst seen read history book ,2020-11-11
620,Pence -filter:retweets,kind like idea trump resigning wins order avoid societal meltdown ,2020-11-11
621,Pence -filter:retweets,ohh pence orange pos happen albino turd leas ,2020-11-11
622,Pence -filter:retweets,hey f shit ,2020-11-11
623,Pence -filter:retweets,pence task force leader going scheduled vacation know priorities ,2020-11-11
624,Pence -filter:retweets,hum pence charge called covid task force going vacation wtf cant even ,2020-11-11
625,Pence -filter:retweets,pence could file 25 kick trump ,2020-11-11
626,Pence -filter:retweets,care pence ,2020-11-11
627,Pence -filter:retweets,24000 americans lost lives due covid head ,2020-11-11
628,Pence -filter:retweets,vp mike pence best hoosier around great 2nd term cheers ,2020-11-11
629,Pence -filter:retweets,every time see mike pence think sour milk ,2020-11-11
630,Pence -filter:retweets,laugh pence count ,2020-11-11
631,Pence -filter:retweets,ya tell ya daddy salute ,2020-11-11
632,Pence -filter:retweets,lying usual ,2020-11-11
633,Pence -filter:retweets,regret asking questions pences ha indiana hiv outbreak debate moderated ,2020-11-11
634,Pence -filter:retweets,idea pence whose demeaning sycophancy bought nothing trumps obviously stra ,2020-11-11
635,Pence -filter:retweets,realized pence would charge jan 20th would pardon still sdny ,2020-11-11
636,Pence -filter:retweets,cant even begin imagine many trump pence ballots destroyed brown shirts ,2020-11-11
637,Pence -filter:retweets,,2020-11-11
638,Pence -filter:retweets,trump pence ,2020-11-11
639,Pence -filter:retweets,dona nobus pace pace side giuliani goulash pint pence home deliv ,2020-11-11
640,Pence -filter:retweets,pence going vacation road damascus doubt ,2020-11-11
641,Pence -filter:retweets,hilarious ,2020-11-11
642,Pence -filter:retweets,,2020-11-11
643,Pence -filter:retweets,,2020-11-11
644,Pence -filter:retweets,idea trump would give pence blessing honestly hilarious ,2020-11-11
645,Pence -filter:retweets,mtg tomoro w pompeo munchin w pence vacation maybe pompeo get key oval office ,2020-11-11
646,Pence -filter:retweets,help case whe ,2020-11-11
647,Pence -filter:retweets,thank god way ,2020-11-11
648,Pence -filter:retweets,wonder pence would even president trump walks job 120 certainly taken job ,2020-11-11
649,Pence -filter:retweets,giant orange turd manage walk far painful bone spurs ,2020-11-11
650,Pence -filter:retweets,lol pence warm miracle whip oklahoma picnic table august ,2020-11-11
651,Pence -filter:retweets,ran pence biden would better chance wouldnt seen near biden ,2020-11-11
652,Pence -filter:retweets,putin appoint pence ,2020-11-11
653,Pence -filter:retweets,pence coward ,2020-11-11
654,Pence -filter:retweets,loser military fools bone spurs matter ,2020-11-11
655,Pence -filter:retweets,seen pence look donald matt gets look speaks gold ,2020-11-11
656,Pence -filter:retweets,resign pence pardon way current guess ,2020-11-11
657,Pence -filter:retweets,mike pence done absolutely nothing advance policy even protect office picked trump b ,2020-11-11
658,Pence -filter:retweets,jansen quoted monday new york times saying never part warp ,2020-11-11
659,Pence -filter:retweets,trump resigns pence takes graciously concedes election help smooth transition power ,2020-11-11
660,Pence -filter:retweets,well trump pouting pence vacation maybe ask mitch help ,2020-11-11
661,Pence -filter:retweets,flesh wound today cartoon support satire buy ,2020-11-11
662,Pence -filter:retweets,pence like peace im going vacation ,2020-11-11
663,Pence -filter:retweets,,2020-11-11
664,Pence -filter:retweets,lies used lib fools ,2020-11-11
665,Pence -filter:retweets,times story mike pence might like run president one day wtf werent excited mike ,2020-11-11
666,Pence -filter:retweets,psalms 1828 lord keep lamp burning god turns darkness light ,2020-11-11
667,Pence -filter:retweets,pouring rain donald trump mike pence honor veterans via total respect ,2020-11-11
668,Pence -filter:retweets,need fly mike pences head go back white house sit gop meetings th ,2020-11-11
669,Pence -filter:retweets,national polls actually showed pence ran biden time would still lost ,2020-11-11
670,Pence -filter:retweets,ditto grandfather ,2020-11-11
671,Pence -filter:retweets,,2020-11-11
672,Pence -filter:retweets,michael cohen trumps lawyer went jail name ,2020-11-11
673,Pence -filter:retweets,didnt lose stole election lets wait recount ,2020-11-11
674,Pence -filter:retweets,2400 dead fucking word empathy th ,2020-11-11
675,Pence -filter:retweets,frightening think wasnt even mentioned issue debates except quick dig pence ,2020-11-11
676,Pence -filter:retweets,letters editor trump wo self pardon resigns lets mike pence take ,2020-11-11
677,Pence -filter:retweets,photo resurfaces biden welcoming pence white house smooth transition power via yahoo ,2020-11-11
678,Pence -filter:retweets,oh please pence charisma eye crust ,2020-11-11
679,Pence -filter:retweets,also seems distracting trump going forward alleged plan resign jan ,2020-11-11
680,Pence -filter:retweets,spoiled child met father eve ,2020-11-11
681,Pence -filter:retweets,bolton trump supposed ,2020-11-11
682,Pence -filter:retweets,pence head coronavirus taskforce non elect fixed ya ,2020-11-11
683,Pence -filter:retweets,owe ,2020-11-11
684,Pence -filter:retweets,thay amp counted lost casper ,2020-11-11
685,Pence -filter:retweets,nah pence 452 ,2020-11-11
686,Pence -filter:retweets,,2020-11-11
687,Pence -filter:retweets,,2020-11-11
688,Pence -filter:retweets,congrats ut signingwishing best academically amp field ,2020-11-11
689,Pence -filter:retweets,oh yall must going get bags dead people ballots say dumped ,2020-11-11
690,Pence -filter:retweets,great captures real pence ,2020-11-11
691,Pence -filter:retweets,insurrection act arrest state election co ,2020-11-11
692,Pence -filter:retweets,would make sense resigns pence pardons federal crimes includi ,2020-11-11
693,Pence -filter:retweets,ps5 please ,2020-11-11
694,Pence -filter:retweets,11 11th day 11th month symbolic reason yet even ,2020-11-11
695,Pence -filter:retweets,numbers switched ,2020-11-11
696,Pence -filter:retweets,literally second worst endorsement free world pence worst get ,2020-11-11
697,Pence -filter:retweets,mike pence ,2020-11-11
698,Pence -filter:retweets,looks fine ,2020-11-11
699,Pence -filter:retweets,georgia voters dangerous attackers american democracy arent r ,2020-11-11
700,Kamala Harris -filter:retweets,britains opposition labour party leader keir starmer welcomed joe biden kamala harris administration saying ,2020-11-11
701,Kamala Harris -filter:retweets,omg kamala harris gets throws men prisongtgtgtgtgt ,2020-11-11
702,Kamala Harris -filter:retweets,president biden madam vice president kamala harris ,2020-11-11
703,Kamala Harris -filter:retweets,bombshell hunter biden email names kamala harris others key contacts joint venture china energy co ,2020-11-11
704,Kamala Harris -filter:retweets,kamala harris putting prison 30 years j walking ,2020-11-11
705,Kamala Harris -filter:retweets,cant thank enough helping elect joe biden kamala harris thanks guys ,2020-11-11
706,Kamala Harris -filter:retweets,every vote past election vote protect expand ,2020-11-11
707,Kamala Harris -filter:retweets,indira gandhi pratibha patil nirmala sitharaman mentioning women holding ,2020-11-11
708,Kamala Harris -filter:retweets,also important fuck say oh thats right democrat mo ,2020-11-11
709,Kamala Harris -filter:retweets,heartfelt congratulations joe biden kamala harris australia great victory us ,2020-11-11
710,Kamala Harris -filter:retweets,kamala harris good news big tech times india read bill gates ,2020-11-11
711,Kamala Harris -filter:retweets,lindsey graham absolutely moral compass calling state senators commit acts treason americ ,2020-11-11
712,Kamala Harris -filter:retweets,ps name vice president elect kamala harris know kills say ,2020-11-11
713,Kamala Harris -filter:retweets,expect incoming administration sign law first days office ,2020-11-11
714,Kamala Harris -filter:retweets,kamala harris dancing cheering kids blackpinks like ,2020-11-11
